A,A,5
A,R,-2
A,N,-1
A,D,-2
A,C,-1
A,Q,-1
A,E,-1
A,G,0
A,H,-2
A,I,-1
A,L,-1
A,K,-1
A,M,-1
A,F,-2
A,P,-1
A,S,1
A,T,0
A,W,-2
A,Y,-2
A,V,0
A,B,-1
A,J,-1
A,Z,-1
A,X,-1
A,*,-5
R,A,-2
R,R,7
R,N,0
R,D,-1
R,C,-3
R,Q,1
R,E,0
R,G,-2
R,H,0
R,I,-3
R,L,-2
R,K,3
R,M,-1
R,F,-2
R,P,-2
R,S,-1
R,T,-1
R,W,-2
R,Y,-1
R,V,-2
R,B,-1
R,J,-3
R,Z,1
R,X,-1
R,*,-5
N,A,-1
N,R,0
N,N,6
N,D,2
N,C,-2
N,Q,0
N,E,0
N,G,0
N,H,1
N,I,-2
N,L,-3
N,K,0
N,M,-2
N,F,-2
N,P,-2
N,S,1
N,T,0
N,W,-4
N,Y,-2
N,V,-3
N,B,5
N,J,-3
N,Z,0
N,X,-1
N,*,-5
D,A,-2
D,R,-1
D,N,2
D,D,7
D,C,-3
D,Q,0
D,E,2
D,G,-1
D,H,0
D,I,-4
D,L,-3
D,K,0
D,M,-3
D,F,-4
D,P,-1
D,S,0
D,T,-1
D,W,-4
D,Y,-2
D,V,-3
D,B,6
D,J,-3
D,Z,1
D,X,-1
D,*,-5
C,A,-1
C,R,-3
C,N,-2
C,D,-3
C,C,12
C,Q,-3
C,E,-3
C,G,-3
C,H,-3
C,I,-3
C,L,-2
C,K,-3
C,M,-2
C,F,-2
C,P,-4
C,S,-1
C,T,-1
C,W,-5
C,Y,-3
C,V,-1
C,B,-2
C,J,-2
C,Z,-3
C,X,-1
C,*,-5
Q,A,-1
Q,R,1
Q,N,0
Q,D,0
Q,C,-3
Q,Q,6
Q,E,2
Q,G,-2
Q,H,1
Q,I,-2
Q,L,-2
Q,K,1
Q,M,0
Q,F,-4
Q,P,-1
Q,S,0
Q,T,-1
Q,W,-2
Q,Y,-1
Q,V,-3
Q,B,0
Q,J,-2
Q,Z,4
Q,X,-1
Q,*,-5
E,A,-1
E,R,0
E,N,0
E,D,2
E,C,-3
E,Q,2
E,E,6
E,G,-2
E,H,0
E,I,-3
E,L,-2
E,K,1
E,M,-2
E,F,-3
E,P,0
E,S,0
E,T,-1
E,W,-3
E,Y,-2
E,V,-3
E,B,1
E,J,-3
E,Z,5
E,X,-1
E,*,-5
G,A,0
G,R,-2
G,N,0
G,D,-1
G,C,-3
G,Q,-2
G,E,-2
G,G,7
G,H,-2
G,I,-4
G,L,-3
G,K,-2
G,M,-2
G,F,-3
G,P,-2
G,S,0
G,T,-2
G,W,-2
G,Y,-3
G,V,-3
G,B,-1
G,J,-4
G,Z,-2
G,X,-1
G,*,-5
H,A,-2
H,R,0
H,N,1
H,D,0
H,C,-3
H,Q,1
H,E,0
H,G,-2
H,H,10
H,I,-3
H,L,-2
H,K,-1
H,M,0
H,F,-2
H,P,-2
H,S,-1
H,T,-2
H,W,-3
H,Y,2
H,V,-3
H,B,0
H,J,-2
H,Z,0
H,X,-1
H,*,-5
I,A,-1
I,R,-3
I,N,-2
I,D,-4
I,C,-3
I,Q,-2
I,E,-3
I,G,-4
I,H,-3
I,I,5
I,L,2
I,K,-3
I,M,2
I,F,0
I,P,-2
I,S,-2
I,T,-1
I,W,-2
I,Y,0
I,V,3
I,B,-3
I,J,4
I,Z,-3
I,X,-1
I,*,-5
L,A,-1
L,R,-2
L,N,-3
L,D,-3
L,C,-2
L,Q,-2
L,E,-2
L,G,-3
L,H,-2
L,I,2
L,L,5
L,K,-3
L,M,2
L,F,1
L,P,-3
L,S,-3
L,T,-1
L,W,-2
L,Y,0
L,V,1
L,B,-3
L,J,4
L,Z,-2
L,X,-1
L,*,-5
K,A,-1
K,R,3
K,N,0
K,D,0
K,C,-3
K,Q,1
K,E,1
K,G,-2
K,H,-1
K,I,-3
K,L,-3
K,K,5
K,M,-1
K,F,-3
K,P,-1
K,S,-1
K,T,-1
K,W,-2
K,Y,-1
K,V,-2
K,B,0
K,J,-3
K,Z,1
K,X,-1
K,*,-5
M,A,-1
M,R,-1
M,N,-2
M,D,-3
M,C,-2
M,Q,0
M,E,-2
M,G,-2
M,H,0
M,I,2
M,L,2
M,K,-1
M,M,6
M,F,0
M,P,-2
M,S,-2
M,T,-1
M,W,-2
M,Y,0
M,V,1
M,B,-2
M,J,2
M,Z,-1
M,X,-1
M,*,-5
F,A,-2
F,R,-2
F,N,-2
F,D,-4
F,C,-2
F,Q,-4
F,E,-3
F,G,-3
F,H,-2
F,I,0
F,L,1
F,K,-3
F,M,0
F,F,8
F,P,-3
F,S,-2
F,T,-1
F,W,1
F,Y,3
F,V,0
F,B,-3
F,J,1
F,Z,-3
F,X,-1
F,*,-5
P,A,-1
P,R,-2
P,N,-2
P,D,-1
P,C,-4
P,Q,-1
P,E,0
P,G,-2
P,H,-2
P,I,-2
P,L,-3
P,K,-1
P,M,-2
P,F,-3
P,P,9
P,S,-1
P,T,-1
P,W,-3
P,Y,-3
P,V,-3
P,B,-2
P,J,-3
P,Z,-1
P,X,-1
P,*,-5
S,A,1
S,R,-1
S,N,1
S,D,0
S,C,-1
S,Q,0
S,E,0
S,G,0
S,H,-1
S,I,-2
S,L,-3
S,K,-1
S,M,-2
S,F,-2
S,P,-1
S,S,4
S,T,2
S,W,-4
S,Y,-2
S,V,-1
S,B,0
S,J,-2
S,Z,0
S,X,-1
S,*,-5
T,A,0
T,R,-1
T,N,0
T,D,-1
T,C,-1
T,Q,-1
T,E,-1
T,G,-2
T,H,-2
T,I,-1
T,L,-1
T,K,-1
T,M,-1
T,F,-1
T,P,-1
T,S,2
T,T,5
T,W,-3
T,Y,-1
T,V,0
T,B,0
T,J,-1
T,Z,-1
T,X,-1
T,*,-5
W,A,-2
W,R,-2
W,N,-4
W,D,-4
W,C,-5
W,Q,-2
W,E,-3
W,G,-2
W,H,-3
W,I,-2
W,L,-2
W,K,-2
W,M,-2
W,F,1
W,P,-3
W,S,-4
W,T,-3
W,W,15
W,Y,3
W,V,-3
W,B,-4
W,J,-2
W,Z,-2
W,X,-1
W,*,-5
Y,A,-2
Y,R,-1
Y,N,-2
Y,D,-2
Y,C,-3
Y,Q,-1
Y,E,-2
Y,G,-3
Y,H,2
Y,I,0
Y,L,0
Y,K,-1
Y,M,0
Y,F,3
Y,P,-3
Y,S,-2
Y,T,-1
Y,W,3
Y,Y,8
Y,V,-1
Y,B,-2
Y,J,0
Y,Z,-2
Y,X,-1
Y,*,-5
V,A,0
V,R,-2
V,N,-3
V,D,-3
V,C,-1
V,Q,-3
V,E,-3
V,G,-3
V,H,-3
V,I,3
V,L,1
V,K,-2
V,M,1
V,F,0
V,P,-3
V,S,-1
V,T,0
V,W,-3
V,Y,-1
V,V,5
V,B,-3
V,J,2
V,Z,-3
V,X,-1
V,*,-5
B,A,-1
B,R,-1
B,N,5
B,D,6
B,C,-2
B,Q,0
B,E,1
B,G,-1
B,H,0
B,I,-3
B,L,-3
B,K,0
B,M,-2
B,F,-3
B,P,-2
B,S,0
B,T,0
B,W,-4
B,Y,-2
B,V,-3
B,B,5
B,J,-3
B,Z,1
B,X,-1
B,*,-5
J,A,-1
J,R,-3
J,N,-3
J,D,-3
J,C,-2
J,Q,-2
J,E,-3
J,G,-4
J,H,-2
J,I,4
J,L,4
J,K,-3
J,M,2
J,F,1
J,P,-3
J,S,-2
J,T,-1
J,W,-2
J,Y,0
J,V,2
J,B,-3
J,J,4
J,Z,-2
J,X,-1
J,*,-5
Z,A,-1
Z,R,1
Z,N,0
Z,D,1
Z,C,-3
Z,Q,4
Z,E,5
Z,G,-2
Z,H,0
Z,I,-3
Z,L,-2
Z,K,1
Z,M,-1
Z,F,-3
Z,P,-1
Z,S,0
Z,T,-1
Z,W,-2
Z,Y,-2
Z,V,-3
Z,B,1
Z,J,-2
Z,Z,5
Z,X,-1
Z,*,-5
X,A,-1
X,R,-1
X,N,-1
X,D,-1
X,C,-1
X,Q,-1
X,E,-1
X,G,-1
X,H,-1
X,I,-1
X,L,-1
X,K,-1
X,M,-1
X,F,-1
X,P,-1
X,S,-1
X,T,-1
X,W,-1
X,Y,-1
X,V,-1
X,B,-1
X,J,-1
X,Z,-1
X,X,-1
X,*,-5
*,A,-5
*,R,-5
*,N,-5
*,D,-5
*,C,-5
*,Q,-5
*,E,-5
*,G,-5
*,H,-5
*,I,-5
*,L,-5
*,K,-5
*,M,-5
*,F,-5
*,P,-5
*,S,-5
*,T,-5
*,W,-5
*,Y,-5
*,V,-5
*,B,-5
*,J,-5
*,Z,-5
*,X,-5
*,*,1
