A,A,6
A,R,-7
A,N,-4
A,D,-3
A,C,-6
A,Q,-4
A,E,-2
A,G,-2
A,H,-7
A,I,-5
A,L,-6
A,K,-7
A,M,-5
A,F,-8
A,P,-2
A,S,0
A,T,-1
A,W,-13
A,Y,-8
A,V,-2
A,B,-3
A,J,-6
A,Z,-3
A,X,-1
A,*,-17
R,A,-7
R,R,8
R,N,-6
R,D,-10
R,C,-8
R,Q,-2
R,E,-9
R,G,-9
R,H,-2
R,I,-5
R,L,-8
R,K,0
R,M,-4
R,F,-9
R,P,-4
R,S,-3
R,T,-6
R,W,-2
R,Y,-10
R,V,-8
R,B,-7
R,J,-7
R,Z,-4
R,X,-1
R,*,-17
N,A,-4
N,R,-6
N,N,8
N,D,2
N,C,-11
N,Q,-3
N,E,-2
N,G,-3
N,H,0
N,I,-5
N,L,-7
N,K,-1
N,M,-9
N,F,-9
N,P,-6
N,S,0
N,T,-2
N,W,-8
N,Y,-4
N,V,-8
N,B,6
N,J,-6
N,Z,-3
N,X,-1
N,*,-17
D,A,-3
D,R,-10
D,N,2
D,D,8
D,C,-14
D,Q,-2
D,E,2
D,G,-3
D,H,-4
D,I,-7
D,L,-12
D,K,-4
D,M,-11
D,F,-15
D,P,-8
D,S,-4
D,T,-5
D,W,-15
D,Y,-11
D,V,-8
D,B,6
D,J,-10
D,Z,1
D,X,-1
D,*,-17
C,A,-6
C,R,-8
C,N,-11
C,D,-14
C,C,10
C,Q,-14
C,E,-14
C,G,-9
C,H,-7
C,I,-6
C,L,-15
C,K,-14
C,M,-13
C,F,-13
C,P,-8
C,S,-3
C,T,-8
C,W,-15
C,Y,-4
C,V,-6
C,B,-12
C,J,-9
C,Z,-14
C,X,-1
C,*,-17
Q,A,-4
Q,R,-2
Q,N,-3
Q,D,-2
Q,C,-14
Q,Q,8
Q,E,1
Q,G,-7
Q,H,1
Q,I,-8
Q,L,-5
Q,K,-3
Q,M,-4
Q,F,-13
Q,P,-3
Q,S,-5
Q,T,-5
Q,W,-13
Q,Y,-12
Q,V,-7
Q,B,-3
Q,J,-5
Q,Z,6
Q,X,-1
Q,*,-17
E,A,-2
E,R,-9
E,N,-2
E,D,2
E,C,-14
E,Q,1
E,E,8
E,G,-4
E,H,-5
E,I,-5
E,L,-9
E,K,-4
E,M,-7
E,F,-14
E,P,-5
E,S,-4
E,T,-6
E,W,-17
E,Y,-8
E,V,-6
E,B,1
E,J,-7
E,Z,6
E,X,-1
E,*,-17
G,A,-2
G,R,-9
G,N,-3
G,D,-3
G,C,-9
G,Q,-7
G,E,-4
G,G,6
G,H,-9
G,I,-11
G,L,-10
G,K,-7
G,M,-8
G,F,-9
G,P,-6
G,S,-2
G,T,-6
G,W,-15
G,Y,-14
G,V,-5
G,B,-3
G,J,-10
G,Z,-5
G,X,-1
G,*,-17
H,A,-7
H,R,-2
H,N,0
H,D,-4
H,C,-7
H,Q,1
H,E,-5
H,G,-9
H,H,9
H,I,-9
H,L,-6
H,K,-6
H,M,-10
H,F,-6
H,P,-4
H,S,-6
H,T,-7
H,W,-7
H,Y,-3
H,V,-6
H,B,-1
H,J,-7
H,Z,-1
H,X,-1
H,*,-17
I,A,-5
I,R,-5
I,N,-5
I,D,-7
I,C,-6
I,Q,-8
I,E,-5
I,G,-11
I,H,-9
I,I,8
I,L,-1
I,K,-6
I,M,-1
I,F,-2
I,P,-8
I,S,-7
I,T,-2
I,W,-14
I,Y,-6
I,V,2
I,B,-6
I,J,5
I,Z,-6
I,X,-1
I,*,-17
L,A,-6
L,R,-8
L,N,-7
L,D,-12
L,C,-15
L,Q,-5
L,E,-9
L,G,-10
L,H,-6
L,I,-1
L,L,7
L,K,-8
L,M,1
L,F,-3
L,P,-7
L,S,-8
L,T,-7
L,W,-6
L,Y,-7
L,V,-2
L,B,-9
L,J,6
L,Z,-7
L,X,-1
L,*,-17
K,A,-7
K,R,0
K,N,-1
K,D,-4
K,C,-14
K,Q,-3
K,E,-4
K,G,-7
K,H,-6
K,I,-6
K,L,-8
K,K,7
K,M,-2
K,F,-14
K,P,-6
K,S,-4
K,T,-3
K,W,-12
K,Y,-9
K,V,-9
K,B,-2
K,J,-7
K,Z,-4
K,X,-1
K,*,-17
M,A,-5
M,R,-4
M,N,-9
M,D,-11
M,C,-13
M,Q,-4
M,E,-7
M,G,-8
M,H,-10
M,I,-1
M,L,1
M,K,-2
M,M,11
M,F,-4
M,P,-8
M,S,-5
M,T,-4
M,W,-13
M,Y,-11
M,V,-1
M,B,-10
M,J,0
M,Z,-5
M,X,-1
M,*,-17
F,A,-8
F,R,-9
F,N,-9
F,D,-15
F,C,-13
F,Q,-13
F,E,-14
F,G,-9
F,H,-6
F,I,-2
F,L,-3
F,K,-14
F,M,-4
F,F,9
F,P,-10
F,S,-6
F,T,-9
F,W,-4
F,Y,2
F,V,-8
F,B,-10
F,J,-2
F,Z,-13
F,X,-1
F,*,-17
P,A,-2
P,R,-4
P,N,-6
P,D,-8
P,C,-8
P,Q,-3
P,E,-5
P,G,-6
P,H,-4
P,I,-8
P,L,-7
P,K,-6
P,M,-8
P,F,-10
P,P,8
P,S,-2
P,T,-4
P,W,-14
P,Y,-13
P,V,-6
P,B,-7
P,J,-7
P,Z,-4
P,X,-1
P,*,-17
S,A,0
S,R,-3
S,N,0
S,D,-4
S,C,-3
S,Q,-5
S,E,-4
S,G,-2
S,H,-6
S,I,-7
S,L,-8
S,K,-4
S,M,-5
S,F,-6
S,P,-2
S,S,6
S,T,0
S,W,-5
S,Y,-7
S,V,-6
S,B,-1
S,J,-8
S,Z,-5
S,X,-1
S,*,-17
T,A,-1
T,R,-6
T,N,-2
T,D,-5
T,C,-8
T,Q,-5
T,E,-6
T,G,-6
T,H,-7
T,I,-2
T,L,-7
T,K,-3
T,M,-4
T,F,-9
T,P,-4
T,S,0
T,T,7
T,W,-13
T,Y,-6
T,V,-3
T,B,-3
T,J,-5
T,Z,-6
T,X,-1
T,*,-17
W,A,-13
W,R,-2
W,N,-8
W,D,-15
W,C,-15
W,Q,-13
W,E,-17
W,G,-15
W,H,-7
W,I,-14
W,L,-6
W,K,-12
W,M,-13
W,F,-4
W,P,-14
W,S,-5
W,T,-13
W,W,13
W,Y,-5
W,V,-15
W,B,-10
W,J,-7
W,Z,-14
W,X,-1
W,*,-17
Y,A,-8
Y,R,-10
Y,N,-4
Y,D,-11
Y,C,-4
Y,Q,-12
Y,E,-8
Y,G,-14
Y,H,-3
Y,I,-6
Y,L,-7
Y,K,-9
Y,M,-11
Y,F,2
Y,P,-13
Y,S,-7
Y,T,-6
Y,W,-5
Y,Y,10
Y,V,-7
Y,B,-6
Y,J,-7
Y,Z,-9
Y,X,-1
Y,*,-17
V,A,-2
V,R,-8
V,N,-8
V,D,-8
V,C,-6
V,Q,-7
V,E,-6
V,G,-5
V,H,-6
V,I,2
V,L,-2
V,K,-9
V,M,-1
V,F,-8
V,P,-6
V,S,-6
V,T,-3
V,W,-15
V,Y,-7
V,V,7
V,B,-8
V,J,0
V,Z,-6
V,X,-1
V,*,-17
B,A,-3
B,R,-7
B,N,6
B,D,6
B,C,-12
B,Q,-3
B,E,1
B,G,-3
B,H,-1
B,I,-6
B,L,-9
B,K,-2
B,M,-10
B,F,-10
B,P,-7
B,S,-1
B,T,-3
B,W,-10
B,Y,-6
B,V,-8
B,B,6
B,J,-8
B,Z,0
B,X,-1
B,*,-17
J,A,-6
J,R,-7
J,N,-6
J,D,-10
J,C,-9
J,Q,-5
J,E,-7
J,G,-10
J,H,-7
J,I,5
J,L,6
J,K,-7
J,M,0
J,F,-2
J,P,-7
J,S,-8
J,T,-5
J,W,-7
J,Y,-7
J,V,0
J,B,-8
J,J,6
J,Z,-6
J,X,-1
J,*,-17
Z,A,-3
Z,R,-4
Z,N,-3
Z,D,1
Z,C,-14
Z,Q,6
Z,E,6
Z,G,-5
Z,H,-1
Z,I,-6
Z,L,-7
Z,K,-4
Z,M,-5
Z,F,-13
Z,P,-4
Z,S,-5
Z,T,-6
Z,W,-14
Z,Y,-9
Z,V,-6
Z,B,0
Z,J,-6
Z,Z,6
Z,X,-1
Z,*,-17
X,A,-1
X,R,-1
X,N,-1
X,D,-1
X,C,-1
X,Q,-1
X,E,-1
X,G,-1
X,H,-1
X,I,-1
X,L,-1
X,K,-1
X,M,-1
X,F,-1
X,P,-1
X,S,-1
X,T,-1
X,W,-1
X,Y,-1
X,V,-1
X,B,-1
X,J,-1
X,Z,-1
X,X,-1
X,*,-17
*,A,-17
*,R,-17
*,N,-17
*,D,-17
*,C,-17
*,Q,-17
*,E,-17
*,G,-17
*,H,-17
*,I,-17
*,L,-17
*,K,-17
*,M,-17
*,F,-17
*,P,-17
*,S,-17
*,T,-17
*,W,-17
*,Y,-17
*,V,-17
*,B,-17
*,J,-17
*,Z,-17
*,X,-17
*,*,1
